Index,kql,context
0,"StormEvents 
| count","

The KQL query ""StormEvents | count"" retrieves the total number of records in the StormEvents table. Here's a breakdown:

1. **StormEvents**: This is the name of the table being queried, which contains data about storm events.
2. **| (Pipe)**: This symbol passes the result of the table to the next command.
3. **count**: This function counts the number of rows in the table.

**Result**: The query returns the total count of all records in the StormEvents table, providing a quick overview of the dataset's size."
1,"StormEvents
| take 5
| project State, EventType, DamageProperty","

The KQL query provided is designed to retrieve a specific subset of data from the StormEvents table. Here's a breakdown of the query and its implications:

1. **Dataset Selection**: The query accesses the ""StormEvents"" table, which contains records of storm events.

2. **Data Sampling**: The ""| take 5"" command selects the first 5 records from the table. This is useful for quickly viewing a small sample of data without processing the entire dataset.

3. **Column Selection**: The ""| project State, EventType, DamageProperty"" command filters the output to include only three columns: State (where the storm occurred), EventType (type of storm event), and DamageProperty (extent of property damage).

**Purpose and Considerations**:
- The query is likely used to analyze storm impacts, focusing on location, type, and damage extent.
- The ""take 5"" command retrieves the first 5 records, which may not be ordered unless specified. Adding a sort command could help in retrieving top records based on specific criteria.
- The data types of the columns (string or numerical) could influence further analyses, such as calculating total damages.

**Conclusion**: This query efficiently provides a concise view of storm data, useful for initial analysis. Depending on deeper analytical needs, additional commands for filtering, sorting, or aggregating data may be necessary."
2,"StormEvents 
| distinct EventType","

The KQL query ""StormEvents | distinct EventType"" is designed to retrieve all unique values from the ""EventType"" column in the ""StormEvents"" table. Here's a breakdown of how it works:

1. **Table Reference**: The query starts with ""StormEvents"", which is the name of the table containing data about various storm events.

2. **Pipe Operator**: The pipe symbol ""|"" is used to pass the output of the table reference to the next command, which in this case is the ""distinct"" function.

3. **Distinct Function**: The ""distinct"" keyword is used to extract unique values from the specified column. Here, it's applied to the ""EventType"" column to get all different types of storm events without any duplicates.

**Output Expectation**: Running this query will result in a list of unique event types, such as 'Hurricane', 'Tornado', 'Flood', etc., each appearing only once. This helps in understanding the variety of storm events recorded in the dataset.

This query is a simple yet effective way to explore the different types of storm events without redundancy."
3,"StormEvents
| where State == 'TEXAS' and EventType == 'Flood'
| sort by DamageProperty
| project StartTime, EndTime, State, EventType, DamageProperty","

The KQL query provided is designed to analyze flood events in Texas by filtering, sorting, and selecting specific data. Here's a breakdown of the query's components and its implications:

1. **Data Source**: The query accesses the `StormEvents` table, which contains records of various storm events, including floods.

2. **Filtering**: The `where` clause filters the data to include only records where the `State` is 'TEXAS' and the `EventType` is 'Flood'. This narrows the focus to flood events occurring in Texas.

3. **Sorting**: The `sort by DamageProperty` sorts the filtered records based on the `DamageProperty` column. The default sorting order is ascending, but this can be adjusted if needed. The nature of `DamageProperty` (whether numerical or categorical) affects the sorting logic.

4. **Projection**: The `project` operator selects specific columns (`StartTime`, `EndTime`, `State`, `EventType`, `DamageProperty`) to include in the output, simplifying the dataset for analysis.

**Use Case**: This query is likely used to analyze the timing and impact of flood events in Texas, helping to identify patterns or assess damage severity.

**Considerations**:
- **Sorting Order**: Clarify if ascending or descending order is needed for `DamageProperty`.
- **Data Nature**: Understanding whether `DamageProperty` is numerical or categorical is crucial for effective sorting.
- **Efficiency**: Consider applying `project` before `sort` to reduce data processing load.
- **Further Analysis**: Additional operators could enhance insights, such as aggregating damage data.

This structured approach efficiently extracts and presents relevant flood data, aiding in informed decision-making or further analysis."
4,"StormEvents
| where State == 'TEXAS' and EventType == 'Flood'
| sort by DamageProperty
| project StartTime, EndTime, State, EventType, DamageProperty","

The KQL query provided is designed to retrieve and organize specific data from a table named StormEvents. Here's a breakdown of the query's components and their functions:

1. **Table Selection**: The query begins with `StormEvents`, indicating that data is being pulled from this table, which likely contains records of various storm events.

2. **Filtering**: The `where` clause filters the data to include only records where the `State` is 'TEXAS' and the `EventType` is 'Flood'. This ensures that only flood events in Texas are considered.

3. **Sorting**: The `sort by DamageProperty` command organizes the filtered results based on the values in the `DamageProperty` column. By default, KQL sorts in ascending order, but this can be adjusted using `asc` or `desc` if needed.

4. **Projection**: The `project` command selects specific columns to display: `StartTime`, `EndTime`, `State`, `EventType`, and `DamageProperty`. This means only these columns will appear in the final output.

**Considerations and Clarifications**:
- **Sorting Direction**: The default sorting order in KQL is ascending. If descending order is desired, it can be specified using `sort by DamageProperty desc`.
- **Data Types**: `StartTime` and `EndTime` are likely datetime types, allowing chronological sorting. `State` and `EventType` are strings, so the filter is case-sensitive. Ensuring consistent capitalization in the data is important for accurate filtering.
- **Case Sensitivity**: KQL filters are case-sensitive. If the data varies in capitalization, consider using case-insensitive functions or operators.

This query efficiently narrows down the data to focus on flood events in Texas, sorts them by damage, and presents only the relevant information."
5,"StormEvents
| where State == 'TEXAS' and EventType == 'Flood'
| project StartTime, EndTime, State, EventType, DamageProperty","

The KQL query provided is designed to extract specific data from the StormEvents table, focusing on flood events in Texas. Here's a breakdown of the query:

1. **Table Selection**: The query begins with `StormEvents`, indicating the dataset being queried, which contains information about various storm events.

2. **Filtering with `where`**: The `where` clause filters the data to include only records where the `State` is 'TEXAS' and the `EventType` is 'Flood'. This ensures that only flood events occurring in Texas are considered.

3. **Column Selection with `project`**: The `project` command selects specific columns to include in the output. The columns chosen are `StartTime`, `EndTime`, `State`, `EventType`, and `DamageProperty`, providing relevant details about each flood event.

4. **Syntax and Case Sensitivity**: The use of double equals (`==`) is correct in KQL for equality checks. Additionally, KQL is case-sensitive, so column names must match exactly as they appear in the table.

5. **Purpose and Context**: This query is part of a system using Retrieval-Augmented Generation (RAG), where the extracted data will be used to generate responses about flood events in Texas.

In summary, the query efficiently filters and selects data to provide a focused view of flood events in Texas, suitable for further analysis or reporting within a RAG system."
6,"StormEvents
| where StartTime between (datetime(2007-08-01 00:00:00) .. datetime(2007-08-30 23:59:59))
| project State, EventType, StartTime, EndTime
| sort by StartTime asc","

The KQL query retrieves storm events from August 2007, selecting specific details and sorting them chronologically.

**Step-by-Step Explanation:**

1. **Table Selection:** The query accesses the ""StormEvents"" table, which contains data about various storm events.

2. **Date Filtering:** Using the 'where' clause with 'between', it filters events occurring between August 1, 2007, at 00:00:00 and August 30, 2007, at 23:59:59.

3. **Column Selection:** The 'project' operator selects four columns: State, EventType, StartTime, and EndTime, to display relevant event details.

4. **Sorting:** The results are sorted by StartTime in ascending order, ensuring events are listed from earliest to latest.

This query efficiently extracts and organizes storm data for August 2007, providing a clear and ordered overview of the events."
7,"StormEvents
| where State == 'TEXAS' and EventType == 'Flood'
| top 5 by DamageProperty
| project StartTime, EndTime, State, EventType, DamageProperty","

The KQL query is designed to retrieve the top 5 most damaging flood events in Texas from the StormEvents dataset. Here's a breakdown of the query's components and their functions:

1. **StormEvents**: This is the dataset being queried, containing information about various storm events.

2. **where State == 'TEXAS' and EventType == 'Flood'**: This filters the data to include only records where the state is Texas and the event type is a flood.

3. **top 5 by DamageProperty**: This selects the top 5 records with the highest values in the DamageProperty column, indicating the most damaging floods.

4. **project StartTime, EndTime, State, EventType, DamageProperty**: This specifies the columns to display, showing the start and end times, state, event type, and damage property of each flood.

The query effectively narrows down the data to the most significant flood events in Texas, providing a clear and concise output."
8,"StormEvents
| where State == 'TEXAS' and EventType == 'Flood'
| top 5 by DamageProperty desc
| project StartTime, EndTime, Duration = EndTime - StartTime, DamageProperty","

The KQL query is designed to retrieve the top 5 most damaging flood events in Texas from the StormEvents table. Here's a breakdown of the query's components and its purpose:

1. **Data Source**: The query accesses the `StormEvents` table, which contains records of various storm events, including floods.

2. **Filtering**: The `where` clause filters the data to include only flood events (`EventType == 'Flood'`) that occurred in Texas (`State == 'TEXAS'`).

3. **Sorting and Limiting**: The `top 5 by DamageProperty desc` clause sorts the filtered results by the `DamageProperty` column in descending order and selects the top 5 records, which represent the most costly floods.

4. **Projection**: The `project` command selects specific columns to display: `StartTime`, `EndTime`, and `DamageProperty`. It also calculates a new column `Duration` as the difference between `EndTime` and `StartTime`, providing the length of each flood event.

**Use Case**: This query is useful for analyzing the most significant flood events in Texas, helping to identify patterns, assess risks, or allocate resources effectively. It efficiently narrows down the data to focus on the most impactful events, providing clear and relevant information without overwhelming the user with unnecessary details.

**Considerations**: The query assumes that `StartTime` and `EndTime` are datetime types, allowing the calculation of `Duration` as a timespan. It also handles ties by selecting the first 5 records it encounters if there are multiple events with the same damage value. If fewer than 5 events exist, it returns all available records."
9,"StormEvents
| where State == 'TEXAS' and EventType == 'Flood'
| top 5 by DamageProperty desc
| extend Duration = EndTime - StartTime","

The KQL query is designed to analyze flood events in Texas, focusing on the most damaging incidents and their duration. Here's a breakdown of the query:

1. **Data Source**: The query accesses the `StormEvents` table, which contains records of various storm events.

2. **Filtering**: It filters the data to include only entries where the `State` is 'TEXAS' and the `EventType` is 'Flood', ensuring the focus is solely on flood events within Texas.

3. **Sorting and Limiting**: The `top 5 by DamageProperty desc` clause sorts the filtered results by the `DamageProperty` column in descending order and limits the output to the top 5 most damaging floods.

4. **Extending Results**: The `extend Duration = EndTime - StartTime` adds a new column `Duration` to the result set, calculating the length of each flood event by subtracting `StartTime` from `EndTime`.

**Considerations**:
- The `extend` operator adds the `Duration` column only to the result set, not modifying the original table.
- The query assumes `StartTime` and `EndTime` are compatible datetime types to allow subtraction.
- Case sensitivity may affect results if the `State` field isn't in uppercase; using a case-insensitive comparison might be necessary.

This query efficiently retrieves and presents the most impactful flood events in Texas, providing insights into their damage and duration."
10,"let sourceMapping = dynamic(
  {
    ""Emergency Manager"" : ""Public"",
    ""Utility Company"" : ""Private""
  });
StormEvents
| where Source == ""Emergency Manager"" or Source == ""Utility Company""
| project EventId, Source, FriendlyName = sourceMapping[Source]","

The KQL query you're examining is designed to filter and transform data from a table named `StormEvents`. Here's a breakdown of its components and functionality:

1. **Source Mapping Definition**:
   - A `let` statement defines `sourceMapping` as a dynamic JSON object. This object maps specific Source values to more user-friendly names:
     - ""Emergency Manager"" maps to ""Public"".
     - ""Utility Company"" maps to ""Private"".

2. **Data Filtering**:
   - The query selects data from `StormEvents` where the `Source` is either ""Emergency Manager"" or ""Utility Company"". This is done using the `where` clause.

3. **Data Projection**:
   - The `project` statement selects three columns: `EventId`, `Source`, and a new column `FriendlyName`.
   - `FriendlyName` is populated by looking up the `Source` value in the `sourceMapping` object, effectively translating the Source to a more readable form.

**Purpose and Considerations**:
- The query aims to make the Source names more understandable by converting internal names to user-friendly categories.
- The use of `dynamic` allows for flexible JSON handling, though in this case, it's straightforward.
- The `where` clause ensures only relevant Sources are included, avoiding issues with missing mappings.
- Maintaining mappings externally could offer more flexibility for future changes, but the inline approach is simple and suitable for this context.

**Output**:
- The result includes `EventId`, `Source`, and `FriendlyName`, with Sources translated to ""Public"" or ""Private"" as appropriate.

This query efficiently filters and transforms data, enhancing readability for reporting or analysis purposes."
